Sequential ID,Name,DOB,Netball ID #,Address,Phone Number,Email Address,Parent Name,Parent Phone,Parent Email,Playing History,Pref Position 1,Pref Position 2,Pref Position 3
301,Ryan Nguyen,06/12/2009,N-80335,"142 West St, Balwyn",0416 528 503,ryan.nguyen71@gmail.com,Amara Nguyen,0462 401 615,amara.nguyen53@outlook.com,,GD,GS,C
302,Isabella O'Connor,26/08/2010,N-25286,"29 Kingfisher Cl, Kew",0419 264 592,isabella.oconno61@outlook.com,Lucas O'Connor,0420 195 633,lucas.oconno43@email.com,First year trialling,GA,GS,GK
303,Mia Kapoor,26/03/2009,N-13298,"140 Willow Way, Donvale",0437 568 895,mia.kapoor24@email.com,Ava Kapoor,0420 393 823,ava.kapoor11@hotmail.com,Played rep netball last season,WD,GS,GK
304,Ava Irwin,24/02/2010,N-96029,"42 Station St, Camberwell",0412 213 950,ava.irwin17@email.com,Adam Irwin,0444 745 956,adam.irwin3@hotmail.com,"3 years club netball, played GA",GS,WD,GD
305,Caleb Kowalczyk,28/03/2010,N-16092,"180 Bridge Rd, Brighton",0430 939 734,caleb.kowalc90@bigpond.com,Zara Kowalczyk,0430 547 417,zara.kowalc13@email.com,"3 years club netball, played GA",GS,WD,GD
306,Dev Rao,02/12/2010,N-45176,"196 Brookside Pl, Donvale",0451 803 186,dev.rao47@outlook.com,Nina Rao,0462 362 185,nina.rao58@email.com,Played school netball for 4 years,WA,GS,GD
307,Zoe Yang,12/04/2009,N-96939,"140 River Dr, Riverside",0420 980 162,zoe.yang86@bigpond.com,Sakura Yang,0452 230 805,sakura.yang34@gmail.com,,GA,C,WD
308,Nora Kim,21/05/2009,N-42659,"174 Jasmine Ct, Brighton",0455 474 302,nora.kim16@bigpond.com,Dylan Kim,0448 299 224,dylan.kim93@outlook.com,First year trialling,GA,GD,GK
309,Oscar Ali,13/11/2010,N-36211,"86 Orchard Ave, Balwyn",0427 120 150,oscar.ali45@email.com,Zoe Ali,0432 241 170,zoe.ali42@gmail.com,,WD,GD,GA
310,Piper Kapoor,13/10/2010,N-51179,"26 Maple St, Mount Waverley",0452 614 330,piper.kapoor12@outlook.com,Hana Kapoor,0483 295 794,hana.kapoor45@bigpond.com,,GD,WA,GK
311,Meera Singh,26/10/2009,N-31074,"49 Pine Cres, Doncaster",0432 711 386,meera.singh98@hotmail.com,Hana Singh,0442 114 627,hana.singh81@outlook.com,New to netball this year,GK,C,
312,Yusuf Evans,07/02/2010,N-87635,"56 Valley View, Glen Waverley",0429 424 560,yusuf.evans59@bigpond.com,Samuel Evans,0462 219 615,samuel.evans21@email.com,"3 years club netball, played GA",GD,GA,GS
313,Arlo Zhang,15/03/2010,N-14564,"159 Gardenia Dr, Hawthorn",0416 406 734,arlo.zhang62@hotmail.com,Ruby Zhang,0419 575 183,ruby.zhang91@email.com,Played rep netball last season,GS,GK,
314,Harper Lund,01/04/2009,N-57925,"95 Lakeside Tce, Box Hill",0462 641 442,harper.lund37@bigpond.com,Hana Lund,0477 843 447,hana.lund33@gmail.com,,GS,GK,
315,Ravi Henderson,06/05/2009,N-32224,"36 Maple St, Balwyn",0492 182 928,ravi.hender69@outlook.com,Nora Henderson,0493 106 232,nora.hender90@email.com,,GA,GD,C
316,Tessa Davies,15/08/2009,N-19343,"43 Park Pde, Donvale",0497 388 182,tessa.davies64@email.com,Diego Davies,0481 105 329,diego.davies85@hotmail.com,2 years club netball,GK,C,
317,Sakura Wright,22/12/2010,N-80939,"158 Orchard Ave, Camberwell",0485 499 535,sakura.wright3@bigpond.com,Arlo Wright,0494 347 826,arlo.wright2@bigpond.com,First year trialling,GD,WD,GA
318,Bilal Henderson,11/10/2009,N-72058,"40 West St, Glen Waverley",0462 283 917,bilal.hender44@email.com,Ella Henderson,0470 817 910,ella.hender40@gmail.com,,WD,WA,GD
319,Mason Ibrahim,18/09/2009,N-54532,"59 Meadow Cct, Riverside",0419 429 861,mason.ibrahi14@email.com,Oliver Ibrahim,0466 757 173,oliver.ibrahi98@bigpond.com,New to netball this year,WD,GK,GD
320,Mila Taylor,28/02/2010,N-30470,"60 Rosewood Dr, Ringwood",0471 429 148,mila.taylor79@hotmail.com,Stella Taylor,0436 985 654,stella.taylor30@email.com,"3 years club netball, played GA",WA,GS,GA
321,Meera Quinn,23/08/2009,N-98885,"146 Hilltop Ln, Northcote",0459 270 710,meera.quinn41@hotmail.com,Anika Quinn,0432 652 705,anika.quinn47@email.com,,GD,C,GA
322,Zoe Ashton,25/10/2010,N-61684,"125 Lakeside Tce, Ringwood",0468 794 661,zoe.ashton54@outlook.com,Fatima Ashton,0470 178 343,fatima.ashton19@gmail.com,First year trialling,GA,WA,
323,Lucia Kowalczyk,10/09/2009,N-54069,"47 Sunset Blvd, Northcote",0479 817 629,lucia.kowalc21@outlook.com,Ruby Kowalczyk,0418 180 518,ruby.kowalc13@hotmail.com,"3 years club netball, played GA",GK,GD,GS
324,Xavier Marino,03/09/2009,N-59864,"50 Hilltop Ln, Box Hill",0442 684 947,xavier.marino18@outlook.com,Nora Marino,0454 922 122,nora.marino55@outlook.com,"5 years experience, various positions",WD,GS,
325,Poppy Bernard,28/05/2009,N-34082,"127 Park Pde, Glen Waverley",0467 729 683,poppy.bernar71@hotmail.com,Wei Bernard,0469 455 805,wei.bernar14@bigpond.com,New to netball this year,GS,GA,GD
326,Dylan Kelly,06/05/2010,N-93079,"79 Jasmine Ct, Brighton",0415 673 576,dylan.kelly45@email.com,George Kelly,0468 489 669,george.kelly44@outlook.com,,WA,GD,
327,Ethan Singh,10/11/2010,N-20434,"10 North Rd, Balwyn",0440 585 767,ethan.singh7@outlook.com,Vikram Singh,0457 858 925,vikram.singh29@hotmail.com,2 years club netball,GA,GK,
328,Josephine Ibrahim,22/10/2009,N-96950,"195 Elm Blvd, Hawthorn",0436 229 306,josephine.ibrahi50@bigpond.com,Jun Ibrahim,0438 388 183,jun.ibrahi88@hotmail.com,,GK,GA,WD
329,Leo Jackson,23/01/2009,N-90097,"62 Orchard Ave, Greenvale",0452 345 788,leo.jackso41@hotmail.com,Hassan Jackson,0466 102 479,hassan.jackso48@email.com,"5 years experience, various positions",WD,GA,GS
330,Rohan Ivanov,27/10/2010,N-32092,"83 Cedar St, Kew",0480 994 213,rohan.ivanov59@hotmail.com,Mia Ivanov,0456 184 382,mia.ivanov11@outlook.com,,GA,WA,GS
331,Haruto King,24/05/2010,N-70110,"109 High St, Balwyn",0427 859 427,haruto.king7@email.com,Jude King,0482 843 877,jude.king82@bigpond.com,,WA,GK,GD
332,Arjun Wright,05/07/2010,N-67535,"134 Cedar St, Malvern",0469 726 572,arjun.wright16@gmail.com,Max Wright,0479 593 307,max.wright15@outlook.com,First year trialling,C,WD,WA
333,Samuel Gupta,01/04/2009,N-74629,"173 Park Pde, Hawthorn",0412 877 864,samuel.gupta78@outlook.com,Joshua Gupta,0424 184 703,joshua.gupta8@hotmail.com,First year trialling,WD,C,GD
334,Zara Ashton,13/10/2010,N-38184,"105 West St, Ringwood",0461 842 396,zara.ashton52@email.com,Leila Ashton,0467 186 351,leila.ashton4@bigpond.com,Played school netball for 4 years,C,GK,GS
335,Jackson Wu,12/11/2010,N-76332,"193 Orchard Ave, Doncaster",0462 626 571,jackson.wu35@hotmail.com,Arjun Wu,0420 685 652,arjun.wu1@gmail.com,First year trialling,GK,WA,
336,Vikram Ashton,28/05/2010,N-69053,"150 Rosewood Dr, Camberwell",0430 682 666,vikram.ashton79@hotmail.com,Scarlett Ashton,0430 991 360,scarlett.ashton94@outlook.com,"3 years club netball, played GA",GK,WD,
337,Fatima Foster,25/02/2009,N-67081,"66 Hilltop Ln, Glen Waverley",0496 764 675,fatima.foster5@email.com,Zoe Foster,0455 364 771,zoe.foster29@bigpond.com,Played school netball for 4 years,C,WA,
338,Grace O'Connor,27/10/2009,N-37265,"150 Lakeside Tce, Kew",0419 847 415,grace.oconno97@hotmail.com,Ethan O'Connor,0417 427 569,ethan.oconno93@gmail.com,,GS,C,GK
339,Wei Rao,10/06/2009,N-81242,"78 Jasmine Ct, Camberwell",0477 746 973,wei.rao81@hotmail.com,Leo Rao,0475 134 577,leo.rao19@gmail.com,,WA,GA,
340,Jackson Roberts,07/06/2009,N-59650,"58 Meadow Cct, Northcote",0438 328 647,jackson.robert81@gmail.com,Ethan Roberts,0413 837 762,ethan.robert43@email.com,First year trialling,WD,GK,WA
341,Mateo Kapoor,27/11/2010,N-40839,"115 Rosewood Dr, Greenvale",0465 416 967,mateo.kapoor21@bigpond.com,Zara Kapoor,0482 865 191,zara.kapoor21@gmail.com,2 years club netball,C,GS,WA
342,Xavier Fitzgerald,20/08/2009,N-57816,"68 Cedar St, Balwyn",0454 850 383,xavier.fitzge89@email.com,Hugo Fitzgerald,0420 440 983,hugo.fitzge84@bigpond.com,Played school netball for 4 years,GA,C,GK
343,Kavya Turner,05/01/2010,N-78512,"179 Rosewood Dr, Suburbia",0473 661 932,kavya.turner40@bigpond.com,Anika Turner,0425 960 159,anika.turner97@gmail.com,First year trialling,GD,WA,GK
344,Ahmed Parker,24/09/2009,N-64835,"82 West St, Hawthorn",0413 382 152,ahmed.parker9@bigpond.com,Sophie Parker,0470 499 962,sophie.parker67@bigpond.com,Played school netball for 4 years,GK,C,GS
345,Hugo Jackson,03/03/2010,N-74425,"161 Acacia Way, Glen Waverley",0487 757 925,hugo.jackso54@gmail.com,Isabela Jackson,0470 864 959,isabela.jackso53@outlook.com,First year trialling,GS,GD,WA
346,Michael Fitzgerald,15/11/2009,N-67879,"57 Acacia Way, Donvale",0412 116 631,michael.fitzge70@outlook.com,Tessa Fitzgerald,0438 544 785,tessa.fitzge30@outlook.com,2 years club netball,GA,WA,GS
347,Scarlett Wu,28/03/2010,N-21003,"84 Oak St, Ringwood",0433 148 321,scarlett.wu55@email.com,Zara Wu,0459 361 964,zara.wu96@email.com,2 years club netball,GD,GK,WD
348,Haruto Ho,16/01/2009,N-82625,"104 Cedar St, Mount Waverley",0469 109 973,haruto.ho54@outlook.com,Hana Ho,0467 114 281,hana.ho65@email.com,,WD,GK,
349,Ren Taylor,08/02/2010,N-49921,"166 Maple St, Glen Waverley",0483 310 651,ren.taylor94@email.com,Isaac Taylor,0469 556 607,isaac.taylor53@gmail.com,Played school netball for 4 years,WD,GK,WA
350,Dev Murray,13/05/2009,N-61037,"55 Park Pde, Camberwell",0421 573 294,dev.murray49@gmail.com,Charlotte Murray,0434 321 334,charlotte.murray71@outlook.com,,GK,WD,GS
351,Kai Wright,23/07/2010,N-48953,"79 Bluegum Ct, Brighton",0456 225 177,kai.wright50@outlook.com,Violet Wright,0487 187 897,violet.wright77@outlook.com,"3 years club netball, played GA",GK,GD,
352,Benjamin Sharma,05/06/2009,N-90137,"59 Oak St, Balwyn",0422 115 864,benjamin.sharma90@hotmail.com,Matilda Sharma,0428 735 942,matilda.sharma49@hotmail.com,"3 years club netball, played GA",WD,GK,
353,Ruby Papadopoulos,23/07/2009,N-12915,"188 Park Pde, Mount Waverley",0420 703 409,ruby.papado30@outlook.com,Ren Papadopoulos,0480 104 816,ren.papado54@hotmail.com,New to netball this year,WA,GA,GD
354,Noah Kelly,28/06/2010,N-58202,"101 North Rd, Glen Waverley",0461 204 668,noah.kelly3@email.com,Henry Kelly,0491 102 662,henry.kelly96@email.com,"3 years club netball, played GA",C,GA,
355,Sebastian Moretti,12/12/2010,N-31410,"113 Fernwood Ave, Suburbia",0472 666 282,sebastian.morett19@hotmail.com,Amara Moretti,0443 799 824,amara.morett88@bigpond.com,,GD,WA,GK
356,Xavier Romano,08/11/2010,N-61877,"192 Ocean View, Doncaster",0495 951 224,xavier.romano54@email.com,Aisha Romano,0458 382 783,aisha.romano71@hotmail.com,,GS,C,GD
357,Sara Irwin,11/03/2010,N-76344,"4 Ocean View, Balwyn",0483 732 641,sara.irwin7@email.com,Oliver Irwin,0495 884 490,oliver.irwin86@email.com,"5 years experience, various positions",C,GK,
358,William Henderson,08/08/2009,N-63310,"28 West St, Doncaster",0443 342 317,william.hender27@gmail.com,Diego Henderson,0423 737 231,diego.hender85@email.com,"5 years experience, various positions",C,GD,WA
359,Leila Nowak,13/11/2009,N-20519,"85 Oak St, Brighton",0457 666 881,leila.nowak34@hotmail.com,Zara Nowak,0436 773 949,zara.nowak24@bigpond.com,,GS,WA,C
360,Lily Foster,06/08/2010,N-40477,"73 Hilltop Ln, Kew",0421 546 370,lily.foster47@outlook.com,Piper Foster,0452 742 148,piper.foster49@outlook.com,First year trialling,WA,C,WD
361,Anika Lund,13/12/2009,N-70779,"187 Station St, Ringwood",0459 989 822,anika.lund18@gmail.com,Luna Lund,0470 450 645,luna.lund40@gmail.com,Played school netball for 4 years,GD,GK,C
362,Josephine Roberts,23/06/2010,N-56945,"96 Forest Ave, Greenvale",0487 912 490,josephine.robert30@hotmail.com,Ravi Roberts,0480 505 154,ravi.robert14@email.com,"5 years experience, various positions",GK,GA,WA
363,Mia Nguyen,05/09/2009,N-56105,"37 North Rd, Suburbia",0441 802 426,mia.nguyen47@hotmail.com,Luna Nguyen,0435 215 443,luna.nguyen83@bigpond.com,2 years club netball,GS,GD,C
364,Diego Campbell,16/09/2010,N-29701,"103 Lakeside Tce, Ringwood",0415 540 135,diego.campbe16@email.com,Lily Campbell,0468 800 997,lily.campbe80@hotmail.com,"5 years experience, various positions",GK,GA,C
365,Jun Wright,24/11/2009,N-49309,"193 Dale Ave, Hawthorn",0480 656 530,jun.wright51@hotmail.com,Isabella Wright,0473 499 993,isabella.wright66@outlook.com,Played rep netball last season,GD,GS,
366,Yusuf Henderson,24/05/2010,N-54917,"149 Cedar St, Northcote",0438 715 346,yusuf.hender30@email.com,Jude Henderson,0497 362 437,jude.hender84@email.com,,GD,WA,C
367,Amara Rao,24/05/2010,N-55245,"45 Skyline Dr, Doncaster",0452 359 100,amara.rao23@email.com,Diego Rao,0464 692 640,diego.rao67@email.com,New to netball this year,GS,WD,GK
368,Zara Petrov,25/10/2009,N-16541,"56 Maple St, Doncaster",0475 624 366,zara.petrov89@hotmail.com,Jude Petrov,0441 523 662,jude.petrov23@bigpond.com,,GS,GA,C
369,Elijah O'Brien,11/12/2009,N-62965,"177 Station St, Brighton",0436 344 278,elijah.obrien65@bigpond.com,Sienna O'Brien,0432 313 606,sienna.obrien55@outlook.com,First year trialling,GS,GK,WA
370,Rafael Thompson,06/10/2009,N-27967,"164 Kingfisher Cl, Riverside",0490 948 399,rafael.thomps31@bigpond.com,Wei Thompson,0457 426 829,wei.thomps83@bigpond.com,First year trialling,C,GD,GK
371,Sakura Bernard,07/03/2009,N-33343,"61 River Dr, Balwyn",0463 771 651,sakura.bernar16@gmail.com,Georgia Bernard,0494 997 553,georgia.bernar44@outlook.com,"3 years club netball, played GA",C,GK,
372,Camila Stevens,12/05/2010,N-45060,"165 Cedar St, Malvern",0432 179 474,camila.steven16@bigpond.com,Bilal Stevens,0461 227 298,bilal.steven29@gmail.com,Played school netball for 4 years,GK,WA,GA
373,Rohan King,02/02/2009,N-48983,"4 Jasmine Ct, Northcote",0418 843 527,rohan.king90@gmail.com,Cooper King,0449 508 161,cooper.king60@gmail.com,Played rep netball last season,WA,GK,GA
374,Jude Jenkins,13/12/2009,N-75437,"182 Valley View, Hawthorn",0466 192 865,jude.jenkin44@email.com,Lin Jenkins,0457 249 671,lin.jenkin21@outlook.com,"5 years experience, various positions",WA,GS,
375,Yasmin Petrov,08/06/2009,N-72333,"148 River Dr, Brighton",0414 830 354,yasmin.petrov5@bigpond.com,Henry Petrov,0475 691 679,henry.petrov44@bigpond.com,Played rep netball last season,GD,C,GK
376,Rohan Murray,16/04/2009,N-29874,"61 Park Pde, Riverside",0422 590 917,rohan.murray64@bigpond.com,Luna Murray,0453 137 474,luna.murray6@gmail.com,First year trialling,WD,GA,GK
377,Grace Ferrari,02/12/2009,N-84272,"68 River Dr, Mount Waverley",0447 368 893,grace.ferrar19@outlook.com,Georgia Ferrari,0431 239 373,georgia.ferrar56@hotmail.com,,C,GS,WD
378,Nadia Kelly,05/01/2010,N-71347,"159 Bluegum Ct, Box Hill",0425 912 625,nadia.kelly43@bigpond.com,Xavier Kelly,0468 857 124,xavier.kelly82@gmail.com,"5 years experience, various positions",GD,WD,GA
379,William Anderson,22/03/2009,N-69902,"108 Willow Way, Camberwell",0490 775 352,william.anders37@bigpond.com,Leo Anderson,0431 269 333,leo.anders73@outlook.com,"3 years club netball, played GA",WD,GA,GK
380,Alexander Wright,20/04/2010,N-18073,"158 Forest Ave, Doncaster",0444 724 946,alexander.wright17@bigpond.com,Aisha Wright,0462 278 175,aisha.wright88@gmail.com,Played rep netball last season,GA,GK,C
381,Rohan Kelly,18/01/2009,N-25135,"111 Oaks Rd, Greenvale",0431 230 898,rohan.kelly94@outlook.com,Freya Kelly,0434 610 260,freya.kelly50@bigpond.com,Played rep netball last season,C,GD,GK
382,Jack Nguyen,11/04/2010,N-65689,"13 Heritage Way, Ringwood",0493 786 581,jack.nguyen55@bigpond.com,Leo Nguyen,0458 704 146,leo.nguyen77@outlook.com,Played school netball for 4 years,C,GA,GK
383,Valentina Wong,08/01/2010,N-13316,"125 River Dr, Malvern",0468 302 569,valentina.wong71@email.com,Ravi Wong,0410 376 962,ravi.wong54@email.com,"3 years club netball, played GA",WD,WA,GS
384,Sophie Clarke,10/04/2010,N-90417,"30 Willow Way, Balwyn",0463 759 895,sophie.clarke51@outlook.com,Haruto Clarke,0428 715 444,haruto.clarke77@bigpond.com,New to netball this year,GD,GS,WA
385,Valeria Murray,03/06/2009,N-87606,"12 Maple St, Hawthorn",0456 524 204,valeria.murray32@email.com,Stella Murray,0440 333 732,stella.murray78@outlook.com,"5 years experience, various positions",WA,GS,GA
386,Valeria Anderson,09/04/2009,N-78779,"1 Fernwood Ave, Kew",0471 974 171,valeria.anders80@bigpond.com,Nathan Anderson,0494 752 992,nathan.anders83@email.com,2 years club netball,GK,GA,
387,Lucia Foster,06/11/2009,N-30313,"186 River Dr, Malvern",0458 543 940,lucia.foster18@hotmail.com,Violet Foster,0487 119 754,violet.foster4@bigpond.com,Played school netball for 4 years,C,WD,GK
388,Joshua Bernard,20/08/2010,N-73536,"112 Oak St, Ringwood",0473 492 673,joshua.bernar50@outlook.com,Felix Bernard,0464 184 255,felix.bernar32@bigpond.com,,GK,WA,GD
389,Archie Quinn,01/11/2010,N-33392,"43 Skyline Dr, Doncaster",0418 352 247,archie.quinn2@email.com,Omar Quinn,0413 518 214,omar.quinn17@hotmail.com,,GS,WA,
390,Sara White,22/11/2010,N-76355,"84 Ocean View, Balwyn",0488 193 733,sara.white90@email.com,Scarlett White,0480 603 667,scarlett.white71@email.com,,GK,C,GA
391,Ravi Kapoor,22/06/2009,N-95338,"39 West St, Donvale",0448 971 307,ravi.kapoor24@bigpond.com,Mei Kapoor,0425 992 117,mei.kapoor35@hotmail.com,"5 years experience, various positions",GA,GK,
392,Ava Tan,26/04/2010,N-26842,"54 Hilltop Ln, Hawthorn",0427 675 531,ava.tan51@gmail.com,Ethan Tan,0467 437 421,ethan.tan27@gmail.com,,C,GA,GS
393,Ava Campbell,19/02/2009,N-33838,"69 Brookside Pl, Brighton",0456 814 584,ava.campbe65@email.com,Emiliano Campbell,0484 963 479,emiliano.campbe77@outlook.com,Played rep netball last season,GD,GS,GA
394,Scarlett Henderson,25/03/2009,N-87062,"191 Park Pde, Northcote",0438 805 161,scarlett.hender28@hotmail.com,Jackson Henderson,0489 974 936,jackson.hender72@email.com,"3 years club netball, played GA",GK,GS,WD
395,James Turner,05/04/2010,N-55474,"34 Heritage Way, Greenvale",0491 257 702,james.turner97@gmail.com,Aria Turner,0422 211 403,aria.turner15@outlook.com,2 years club netball,GS,GD,WA
396,Kavya Yang,25/05/2010,N-81141,"142 West St, Camberwell",0443 860 451,kavya.yang7@bigpond.com,Mila Yang,0450 117 335,mila.yang68@gmail.com,"5 years experience, various positions",WA,GD,C
397,Jackson Tan,01/02/2009,N-84161,"118 Orchard Ave, Mount Waverley",0483 735 917,jackson.tan84@gmail.com,Evie Tan,0487 894 381,evie.tan37@bigpond.com,New to netball this year,WA,GS,GD
398,Hana Bernard,06/03/2009,N-49519,"159 Willow Way, Greenvale",0430 921 117,hana.bernar83@bigpond.com,Mia Bernard,0493 842 114,mia.bernar23@email.com,,GS,GD,WD
399,Isaac Brown,16/02/2010,N-54252,"41 Gardenia Dr, Doncaster",0490 614 573,isaac.brown44@outlook.com,William Brown,0432 995 188,william.brown79@bigpond.com,Played school netball for 4 years,WD,GA,
400,Ahmed Romano,09/02/2009,N-77347,"88 High St, Suburbia",0458 736 131,ahmed.romano46@hotmail.com,Wei Romano,0464 549 430,wei.romano5@email.com,"3 years club netball, played GA",GS,C,
